concurso,data,acumulado,valor_premio_1,ganhadores_1,d01,d02,d03,d04,d05,d06,d07,d08,d09,d10,d11,d12,d13,d14,d15,s01,s02,s03,s04,s05,s06,s07,s08,s09,s10,s11,s12,s13,s14,s15
3230,26/10/2024,False,1277086.76,4,1,3,4,5,6,9,10,11,12,13,16,19,20,21,22,4,10,20,6,22,13,16,3,5,9,11,12,1,21,19
3231,28/10/2024,False,783042.69,2,1,2,3,4,5,6,9,16,18,19,20,22,23,24,25,18,4,25,23,5,22,6,20,3,2,24,9,19,16,1
3232,29/10/2024,False,1436058.01,1,1,4,5,6,7,9,10,12,13,14,16,17,20,22,25,6,4,9,7,16,5,12,20,25,22,13,14,17,10,1
3233,30/10/2024,True,0.0,0,2,3,4,5,6,7,11,14,15,16,19,20,21,23,24,14,23,24,6,3,19,20,11,4,21,16,5,2,7,15
3234,31/10/2024,False,4696677.53,1,5,6,9,10,11,12,14,16,17,18,19,21,22,23,24,17,14,22,11,19,21,10,16,12,5,6,18,9,23,24
3235,01/11/2024,False,962944.15,2,2,3,6,7,10,11,12,15,16,17,19,20,21,22,24,16,22,12,11,7,19,17,3,21,24,2,10,20,15,6
3236,04/11/2024,True,0.0,0,1,9,10,11,12,13,15,16,17,18,20,22,23,24,25,15,17,11,25,10,1,13,22,24,12,9,16,20,23,18
3237,05/11/2024,False,1395729.59,3,1,2,5,6,7,9,10,11,13,16,18,20,21,23,24,20,18,10,16,6,1,2,11,9,7,5,13,21,24,23
3238,06/11/2024,True,0.0,0,1,4,5,9,10,11,13,14,16,17,18,20,21,22,24,11,14,4,20,5,22,10,1,17,18,16,21,9,24,13
3239,07/11/2024,False,849102.78,5,2,3,4,7,8,9,10,11,14,15,16,17,18,22,24,18,24,15,11,9,8,22,7,10,14,2,17,3,16,4
3240,08/11/2024,False,1527372.86,4,2,3,5,8,9,11,12,13,14,15,17,18,20,22,23,5,23,13,12,14,8,2,22,9,11,17,15,18,20,3
3241,09/11/2024,False,303354.19,4,2,4,5,7,8,10,12,13,14,16,18,22,23,24,25,7,10,25,2,18,16,24,4,5,12,8,14,13,22,23
3242,11/11/2024,False,301965.35,4,1,2,3,5,7,10,12,15,16,17,18,20,21,23,25,1,5,21,7,23,10,15,3,2,16,18,12,17,20,25
3243,12/11/2024,True,0.0,0,1,5,7,8,9,10,11,12,14,17,20,22,23,24,25,17,24,22,11,5,8,10,1,9,23,7,20,25,12,14
3244,13/11/2024,False,1032434.51,4,1,2,3,4,6,7,9,10,12,14,15,16,17,19,25,12,14,17,7,6,16,19,9,2,10,25,3,15,4,1
3245,14/11/2024,False,239530.13,5,1,3,4,5,6,9,13,15,18,19,20,21,23,24,25,3,9,19,21,5,6,1,24,20,25,4,23,13,18,15
3246,16/11/2024,False,1013825.2,2,4,6,7,8,10,14,15,16,19,20,21,22,23,24,25,25,22,21,7,20,15,4,16,19,8,6,10,24,14,23
3247,18/11/2024,True,0.0,0,2,6,8,10,11,12,14,15,16,18,19,21,22,23,25,21,11,23,15,22,18,6,19,25,12,16,2,10,8,14
3248,19/11/2024,False,1924535.15,2,1,3,4,5,6,8,10,11,12,14,16,18,19,20,25,19,4,18,20,25,1,5,11,12,3,14,10,8,16,6
3249,21/11/2024,False,795283.07,2,1,3,5,6,7,8,10,11,12,13,14,16,20,21,22,7,6,5,21,11,1,13,3,14,8,16,22,20,10,12
3250,22/11/2024,False,1954609.34,3,1,2,3,4,7,8,9,10,11,12,13,14,19,22,23,1,8,9,22,11,2,12,14,10,23,4,7,19,3,13
3251,23/11/2024,False,520192.42,4,1,2,3,6,7,8,9,10,16,17,18,19,20,21,23,8,9,23,2,3,21,17,6,19,10,18,7,16,1,20
3252,25/11/2024,False,1261878.36,1,5,8,10,11,12,14,15,16,17,18,20,21,23,24,25,10,21,18,15,11,17,20,12,14,25,16,23,24,5,8
3253,26/11/2024,False,972643.26,1,1,3,9,11,12,13,15,17,18,19,20,21,23,24,25,18,17,15,24,19,12,20,23,3,9,25,11,13,1,21
3254,27/11/2024,True,0.0,0,3,4,5,6,7,8,10,11,16,17,18,19,21,22,24,11,10,6,7,3,16,22,19,18,24,17,21,4,8,5
3255,28/11/2024,True,0.0,0,1,2,5,6,7,8,9,10,12,16,19,20,21,24,25,9,24,6,7,20,21,10,19,12,5,2,16,8,1,25
3256,29/11/2024,False,4005945.3,2,1,2,3,6,9,10,11,13,14,15,16,18,19,21,24,21,11,3,10,18,9,24,15,6,14,13,16,2,1,19
3257,30/11/2024,False,1412275.59,1,1,2,3,5,6,8,9,10,11,13,14,16,19,22,25,6,19,3,8,16,10,22,5,25,11,9,1,2,14,13
3258,02/12/2024,False,1027662.59,1,2,3,4,5,7,9,10,11,12,13,19,20,21,23,25,23,4,21,12,13,9,5,2,20,19,3,7,10,25,11
3259,03/12/2024,False,715512.57,2,1,3,4,6,8,9,10,11,12,14,15,18,22,23,25,11,22,14,4,9,1,6,3,25,12,15,23,18,10,8
3260,04/12/2024,False,7013544.98,1,1,2,4,6,11,14,15,16,17,18,21,22,23,24,25,15,4,24,22,1,14,25,16,6,21,17,18,23,11,2
3261,05/12/2024,False,1652931.31,1,3,4,5,6,7,8,10,11,12,14,15,16,21,24,25,25,3,21,10,12,11,7,6,5,8,15,14,16,24,4
3262,06/12/2024,True,0.0,0,1,3,6,7,8,9,10,12,13,14,15,18,19,20,24,19,15,18,12,8,6,13,20,7,1,14,9,3,24,10
3263,07/12/2024,False,1495288.86,3,2,4,6,8,11,13,14,15,16,17,19,20,21,22,24,17,22,13,16,24,15,6,19,14,21,8,4,20,2,11
3264,09/12/2024,False,1426307.71,1,3,4,5,6,7,9,10,11,13,14,16,20,21,23,25,11,13,23,20,9,14,10,6,5,25,7,4,16,3,21
3265,10/12/2024,False,782836.91,2,2,3,5,6,7,8,10,13,15,16,17,19,20,23,24,17,23,13,2,10,6,3,5,24,7,15,19,16,8,20
3266,11/12/2024,False,780290.77,2,1,3,4,5,6,9,10,11,12,13,14,16,17,20,23,11,10,5,4,17,12,16,13,3,9,1,14,23,6,20
3267,12/12/2024,False,370155.36,3,1,3,4,5,8,10,11,13,15,18,19,20,22,23,24,24,13,3,11,4,8,19,18,23,15,10,1,22,5,20
3268,13/12/2024,False,885114.07,2,1,2,6,7,10,11,12,14,16,17,18,20,23,24,25,25,20,7,6,18,11,17,16,10,1,24,14,12,23,2
3269,14/12/2024,False,74513.74,20,2,4,5,7,8,10,11,12,14,16,18,19,21,23,24,10,8,12,24,14,11,19,2,23,5,21,16,7,18,4
3270,16/12/2024,False,3001136.91,2,1,2,3,5,6,9,10,12,14,16,17,18,19,22,25,1,3,5,10,6,22,16,9,12,17,25,2,14,18,19
3271,17/12/2024,False,502352.55,2,1,4,5,7,8,9,10,11,13,15,16,18,21,23,25,16,9,15,4,11,5,23,8,10,1,13,18,25,7,21
3272,18/12/2024,False,1451417.15,1,1,2,3,6,7,8,10,13,14,15,16,18,22,23,25,14,1,18,7,6,3,25,10,8,22,2,23,15,13,16
3273,19/12/2024,False,1640094.13,1,2,4,6,7,8,10,12,15,16,17,21,22,23,24,25,8,23,24,12,17,21,2,6,7,15,25,10,16,22,4
3274,20/12/2024,False,341631.81,5,1,2,3,4,5,7,8,11,14,16,19,20,23,24,25,19,8,20,23,14,16,2,1,3,4,24,5,25,7,11
3275,21/12/2024,False,511622.88,3,3,4,5,6,9,10,11,13,14,15,19,20,22,23,24,13,3,14,24,9,11,20,15,5,6,4,19,23,10,22
3276,23/12/2024,False,1670304.75,1,2,4,5,7,8,9,10,13,14,15,16,19,20,22,24,15,4,24,14,8,22,20,10,16,7,2,19,13,9,5
3277,24/12/2024,True,0.0,0,1,3,7,8,9,10,11,13,15,16,18,20,21,24,25,9,25,3,15,18,7,20,21,11,24,16,1,13,10,8
3278,26/12/2024,False,3567175.61,1,5,6,7,8,11,12,13,17,18,19,20,21,22,24,25,7,21,13,6,25,20,24,18,8,12,22,5,17,11,19
3279,27/12/2024,False,1624502.16,1,2,4,5,7,9,10,14,17,18,19,21,22,23,24,25,25,24,22,19,9,4,14,2,18,5,7,23,17,10,21
3280,28/12/2024,False,285322.43,17,2,4,5,8,10,11,12,14,15,17,18,20,22,24,25,2,11,14,4,17,20,18,24,22,8,12,25,15,10,5
3281,30/12/2024,False,2161414.06,1,3,5,6,8,9,11,12,13,14,16,17,21,22,23,24,16,21,12,14,8,5,13,17,23,22,6,9,11,24,3
3282,31/12/2024,True,0.0,0,6,7,8,9,10,11,12,16,17,18,19,21,22,24,25,25,11,22,7,10,21,24,12,18,9,16,17,19,6,8
3283,02/01/2025,False,367355.36,13,9,10,11,13,14,15,16,17,18,19,21,22,23,24,25,11,13,9,17,18,21,25,22,14,15,19,24,16,10,23
3284,03/01/2025,False,1165538.53,2,3,4,5,6,8,14,16,17,18,19,20,21,22,24,25,20,21,5,4,8,17,6,16,14,19,18,3,25,24,22
3285,04/01/2025,False,408673.07,4,1,3,4,6,7,9,10,11,13,14,15,17,20,23,24,7,4,23,6,3,13,11,17,24,1,9,15,14,10,20
3286,06/01/2025,False,632757.06,3,1,4,5,6,7,8,11,13,14,18,20,21,23,24,25,25,14,8,13,21,1,18,24,23,5,4,20,6,11,7
3287,07/01/2025,False,2209213.05,1,1,2,3,4,6,11,12,13,14,15,16,20,22,23,25,14,16,6,15,2,23,25,20,11,1,4,13,3,22,12
3288,08/01/2025,False,1632781.04,1,1,2,3,4,6,8,9,10,11,12,13,14,18,22,24,2,12,6,3,14,22,24,10,9,13,18,8,1,4,11
3289,09/01/2025,False,622952.03,3,1,2,4,5,7,9,11,13,14,16,19,20,21,22,24,13,14,24,22,4,11,21,2,20,7,5,16,1,9,19
3290,10/01/2025,False,2497364.58,3,1,4,7,8,11,12,13,14,15,17,18,19,21,24,25,8,4,21,25,15,12,17,14,11,18,24,7,19,13,1
3291,11/01/2025,True,0.0,0,1,3,4,5,6,7,10,12,14,15,16,17,18,20,23,18,6,3,7,5,1,17,10,14,15,20,16,4,12,23
3292,13/01/2025,False,1223338.55,4,1,3,5,6,8,9,10,12,13,17,18,19,21,24,25,19,8,5,13,25,10,3,1,9,17,6,24,21,12,18
3293,14/01/2025,False,769515.51,2,2,3,7,9,10,11,12,15,16,18,19,20,22,24,25,11,9,10,20,25,15,3,19,16,22,24,18,2,7,12
3294,15/01/2025,False,1780993.0,1,1,2,6,9,10,12,13,16,17,18,19,20,22,24,25,24,1,20,25,2,17,18,16,19,22,13,6,10,12,9
3295,16/01/2025,False,343129.46,4,1,2,3,5,7,8,10,11,13,16,17,20,21,22,25,17,7,22,2,8,1,25,20,16,11,13,10,21,3,5
3296,17/01/2025,True,0.0,0,1,2,5,6,8,10,11,13,15,17,18,19,20,21,22,8,2,15,11,13,1,21,18,20,22,10,5,17,6,19
3297,18/01/2025,False,678005.02,6,5,6,7,9,10,12,13,15,17,20,21,22,23,24,25,9,5,21,15,24,22,13,23,7,6,10,25,20,12,17
3298,20/01/2025,False,1754212.13,1,1,3,4,6,7,10,11,15,17,18,19,20,21,22,24,17,6,1,4,20,24,22,19,21,7,15,3,10,18,11
3299,21/01/2025,False,457712.71,3,1,2,3,6,7,9,10,13,14,15,17,20,22,24,25,24,10,20,9,6,15,14,25,3,22,17,7,13,1,2
3300,22/01/2025,False,3323456.67,2,2,3,4,5,8,11,12,14,15,16,18,21,22,24,25,16,25,24,18,5,8,3,2,21,11,15,14,4,12,22
3301,23/01/2025,False,147598.66,8,3,4,5,7,8,10,11,14,15,18,19,20,22,24,25,18,20,22,5,10,14,24,11,25,3,15,4,8,19,7
3302,24/01/2025,False,445613.52,3,1,2,3,5,6,8,9,10,11,12,13,15,19,24,25,24,1,8,2,19,6,10,25,12,3,15,11,9,13,5
3303,25/01/2025,True,0.0,0,2,3,4,5,6,7,8,13,16,18,20,21,22,23,24,24,20,22,18,21,4,13,3,7,6,2,5,23,8,16
3304,27/01/2025,False,1055786.02,4,1,3,4,5,7,9,10,11,12,14,15,19,20,21,23,5,4,20,19,14,11,10,12,23,7,21,9,3,1,15
3305,28/01/2025,False,1216767.05,1,3,4,5,7,8,9,12,13,17,19,20,21,23,24,25,8,7,17,13,24,25,20,3,5,23,9,12,4,21,19
3306,29/01/2025,False,1720477.86,1,4,5,6,8,9,10,11,14,15,17,18,19,21,22,24,5,4,17,22,10,18,8,11,14,21,24,15,9,19,6
3307,30/01/2025,False,1663874.24,1,1,5,8,9,10,11,12,16,18,19,21,22,23,24,25,10,21,23,25,18,1,24,11,19,8,9,16,5,22,12
3308,31/01/2025,True,0.0,0,1,6,7,8,10,11,12,13,14,15,16,18,23,24,25,14,8,24,12,6,23,18,7,16,1,25,11,15,13,10
3309,01/02/2025,False,867062.66,5,2,3,5,9,10,11,13,14,15,18,19,21,22,23,25,2,3,25,22,13,18,15,10,21,11,5,19,9,23,14
3310,03/02/2025,False,1021598.86,7,1,2,4,5,6,7,10,12,13,16,18,19,20,21,24,16,13,2,7,21,10,5,12,19,4,18,1,24,6,20
3311,04/02/2025,False,1483472.99,1,2,3,4,5,6,9,10,11,12,14,17,19,20,22,24,6,9,14,4,22,3,11,10,20,19,12,2,17,24,5
3312,05/02/2025,True,0.0,0,1,2,3,4,5,6,8,9,13,15,16,17,20,21,25,25,8,16,3,9,21,17,1,5,6,15,2,4,20,13
3313,06/02/2025,False,5400693.71,1,1,4,5,6,7,9,11,13,14,16,17,18,19,20,24,4,9,13,24,20,14,11,16,17,7,1,18,19,6,5
3314,07/02/2025,True,0.0,0,1,2,3,5,6,7,8,10,13,14,15,17,19,22,25,5,17,15,8,3,10,7,6,1,13,25,14,2,22,19
3315,08/02/2025,False,1564958.77,3,2,3,4,6,7,8,9,11,12,14,17,18,21,24,25,6,8,21,17,4,7,25,14,24,18,3,2,11,9,12
3316,10/02/2025,True,0.0,0,2,3,7,10,11,14,15,16,17,18,20,21,22,23,25,10,21,11,16,14,22,3,18,7,17,2,20,25,23,15
3317,11/02/2025,False,5047331.65,1,1,2,3,4,5,6,11,12,13,14,18,20,21,22,25,4,18,1,3,5,25,22,11,13,2,14,20,6,21,12
3318,12/02/2025,False,1320527.71,1,1,3,6,9,10,11,12,13,14,15,19,20,22,24,25,3,15,6,22,1,25,10,20,13,14,12,24,19,11,9
3319,13/02/2025,False,1934268.46,1,1,4,5,6,7,14,15,16,17,19,20,21,22,23,25,14,19,15,21,1,4,5,6,22,7,17,23,16,25,20
3320,14/02/2025,False,932322.94,8,2,3,4,5,6,8,9,12,15,17,18,19,22,24,25,24,2,18,5,15,6,19,25,17,4,8,9,12,3,22
3321,15/02/2025,False,1440377.3,1,2,4,7,8,10,11,12,15,16,17,18,20,22,24,25,2,8,11,25,17,12,24,22,16,20,10,7,15,18,4
3322,17/02/2025,False,1862781.97,1,2,3,6,7,8,9,10,11,13,14,15,16,17,22,23,13,14,3,10,16,8,7,2,17,15,9,22,6,11,23
3323,18/02/2025,False,904388.15,2,3,4,5,6,8,9,11,14,16,19,20,21,22,23,24,11,19,3,8,5,21,16,22,24,23,14,9,6,20,4
3324,19/02/2025,False,1516847.65,1,2,3,4,6,7,10,11,12,13,14,15,16,20,22,24,6,24,16,10,20,11,13,12,15,22,4,7,3,14,2
3325,20/02/2025,True,0.0,0,1,3,4,6,7,10,12,14,17,18,20,22,23,24,25,3,6,4,22,20,17,24,1,18,7,12,10,25,23,14
3326,21/02/2025,False,4435214.56,1,1,2,3,6,10,11,12,13,15,16,19,20,21,22,23,10,20,19,1,6,16,21,12,22,13,11,2,15,3,23
3327,22/02/2025,True,0.0,0,2,9,10,11,13,14,15,16,17,19,20,21,22,23,24,11,23,15,14,17,21,22,19,2,10,16,20,9,13,24
3328,24/02/2025,True,0.0,0,1,2,4,5,6,7,10,13,14,15,17,19,21,22,23,13,17,15,5,22,10,2,4,21,7,14,19,6,23,1
3329,25/02/2025,False,2949315.96,3,1,3,4,5,8,11,12,13,15,16,19,22,23,24,25,25,13,11,22,15,19,23,24,12,5,1,4,8,3,16
3330,26/02/2025,True,0.0,0,1,2,7,9,10,12,13,14,15,18,21,22,23,24,25,21,18,10,23,22,25,13,2,24,12,1,14,15,7,9
3331,27/02/2025,False,5703002.99,2,3,5,6,7,8,9,10,11,12,15,17,18,21,23,25,11,6,3,15,10,25,9,7,17,5,21,23,12,8,18
3332,28/02/2025,False,537640.91,4,1,4,5,6,7,8,9,11,15,16,17,18,19,20,21,16,21,7,6,8,18,4,1,15,9,19,5,17,11,20
3333,01/03/2025,True,0.0,0,1,3,4,5,8,9,11,13,15,19,20,21,22,24,25,8,1,11,20,19,21,4,25,22,3,9,24,5,13,15
3334,05/03/2025,False,4477113.18,1,2,3,4,6,8,11,14,15,16,17,19,20,22,23,25,11,15,2,20,6,23,4,19,16,25,14,22,3,17,8
3335,06/03/2025,False,465693.32,3,1,2,3,5,7,8,9,11,12,15,17,18,19,20,25,2,12,5,8,25,17,18,11,7,9,3,20,15,1,19
3336,07/03/2025,False,974885.55,2,1,5,6,7,11,14,15,16,17,19,20,21,22,23,25,15,19,1,23,22,20,21,11,5,25,14,7,6,16,17
3337,08/03/2025,False,1737726.27,1,1,3,4,5,7,8,10,11,14,15,16,18,19,23,24,16,11,14,19,1,15,10,3,7,23,18,5,8,24,4
3338,10/03/2025,False,635729.99,3,1,2,4,6,7,9,10,13,14,15,16,18,21,24,25,13,24,7,4,25,15,14,10,18,21,6,16,2,9,1
3339,11/03/2025,True,0.0,0,3,4,5,9,10,11,12,13,14,16,17,19,21,24,25,10,4,3,9,17,25,24,12,5,11,14,21,19,16,13
3340,12/03/2025,False,1286778.46,7,1,3,6,9,11,13,14,15,17,19,21,22,23,24,25,17,21,19,9,15,6,25,1,23,14,3,13,22,11,24
3341,13/03/2025,False,866532.68,2,1,2,4,6,7,8,11,12,13,14,17,19,21,24,25,1,12,17,6,13,21,14,19,11,2,25,7,4,24,8
3342,14/03/2025,True,0.0,0,1,2,5,7,8,10,12,13,16,17,18,19,20,22,24,1,7,20,5,22,24,13,18,2,8,12,10,16,17,19
3343,15/03/2025,False,2229018.5,2,1,2,6,7,9,11,13,15,16,17,19,20,21,22,25,9,2,20,1,19,13,21,7,17,22,25,11,15,6,16
3344,17/03/2025,True,0.0,0,1,2,4,6,9,10,12,13,14,15,19,21,23,24,25,12,14,19,21,15,10,24,2,25,23,6,4,13,1,9
3345,18/03/2025,False,4559545.08,1,1,2,4,9,11,12,13,14,17,18,19,20,21,23,24,14,13,21,19,24,23,1,18,12,2,20,17,11,9,4
3346,19/03/2025,False,681513.06,2,2,4,5,7,8,9,10,11,13,14,16,18,20,23,25,7,16,4,20,11,9,25,18,2,14,10,8,5,23,13
3347,20/03/2025,False,1604622.64,1,1,2,3,4,5,6,8,10,11,12,14,16,17,22,24,16,5,3,2,24,12,22,11,1,10,17,4,6,8,14
3348,21/03/2025,False,706399.78,2,2,4,5,7,8,9,10,13,18,20,21,22,23,24,25,5,13,7,22,18,25,9,10,23,20,2,21,4,24,8
3349,22/03/2025,False,229197.46,5,1,3,4,6,9,10,11,12,13,14,17,19,21,23,25,10,12,23,6,19,17,4,21,1,25,11,9,13,14,3
3350,24/03/2025,False,2253572.63,3,1,2,7,10,12,13,14,16,18,19,20,21,22,23,25,10,21,16,2,13,25,23,7,12,18,14,1,22,20,19
3351,25/03/2025,False,315085.91,5,1,4,5,8,9,11,13,14,15,16,17,18,19,22,24,8,24,17,15,16,22,11,4,1,13,19,5,9,18,14
3352,26/03/2025,True,0.0,0,1,2,3,10,11,13,14,15,16,18,19,21,22,23,25,21,2,25,11,1,15,3,19,22,18,23,10,16,14,13
3353,27/03/2025,False,780888.64,5,1,3,5,7,8,12,13,14,16,17,18,20,23,24,25,23,24,20,8,12,25,5,13,7,18,17,16,1,14,3
3354,28/03/2025,True,0.0,0,1,2,3,5,7,8,9,13,14,15,16,18,20,24,25,16,18,20,1,9,24,2,14,7,15,8,5,25,13,3
3355,29/03/2025,False,737838.77,5,1,2,3,5,8,9,11,12,13,14,18,19,20,22,25,19,20,12,2,8,25,11,14,1,9,3,13,18,5,22
3356,31/03/2025,False,988704.74,2,4,6,7,8,11,14,15,16,17,18,19,20,22,23,24,19,20,7,23,16,4,14,11,22,15,8,18,17,24,6
3357,01/04/2025,False,244468.25,4,1,2,3,5,7,8,9,11,13,14,15,19,20,24,25,11,7,24,25,19,15,14,5,20,8,9,2,1,13,3
3358,02/04/2025,False,1726760.66,1,1,2,4,6,7,8,9,10,11,14,15,17,18,19,24,2,14,4,6,24,18,9,17,11,15,19,10,8,1,7
3359,03/04/2025,False,717173.22,2,1,2,7,8,9,11,13,14,16,19,20,22,23,24,25,24,13,9,23,11,1,19,16,22,8,2,7,14,25,20
3360,04/04/2025,False,3629625.63,2,1,2,3,4,6,8,9,10,11,16,17,20,21,23,25,6,17,25,8,21,2,11,23,20,3,1,9,4,16,10
3361,05/04/2025,False,578328.1,3,1,2,5,8,9,10,11,13,16,17,18,20,22,23,24,8,22,9,16,10,5,24,20,23,11,2,17,18,13,1
3362,07/04/2025,False,2218054.3,1,1,2,3,4,6,10,11,13,14,15,16,21,22,23,24,16,3,10,24,15,21,13,22,1,23,6,4,2,11,14
3363,08/04/2025,False,1318662.39,1,3,5,8,9,11,13,15,16,17,18,19,20,22,24,25,11,25,16,5,9,13,15,17,3,18,22,19,8,20,24
3364,09/04/2025,False,1698801.77,1,2,6,7,10,11,12,13,14,18,20,21,22,23,24,25,6,12,18,20,23,2,24,11,13,21,7,10,22,25,14
3365,10/04/2025,False,757334.79,2,1,2,4,5,6,8,10,11,12,13,14,15,18,20,23,2,18,8,11,4,13,14,6,23,5,12,10,1,15,20
3366,11/04/2025,False,466360.54,4,2,3,5,6,8,11,14,15,16,18,19,21,22,24,25,18,24,25,14,22,8,6,19,3,16,15,2,11,5,21
3367,12/04/2025,False,1828555.48,1,1,2,3,7,8,9,10,13,14,15,16,18,20,21,22,21,22,16,14,3,10,9,18,13,8,7,15,2,1,20
3368,14/04/2025,False,524783.62,3,1,2,4,5,7,9,10,13,14,16,19,21,22,23,25,5,4,13,14,21,22,7,23,19,9,1,16,10,2,25
3369,15/04/2025,True,0.0,0,1,4,5,6,8,9,10,13,18,19,20,22,23,24,25,1,24,19,23,4,8,6,20,10,13,22,18,9,5,25
3370,16/04/2025,False,4192450.97,2,2,5,6,7,8,9,10,11,12,14,17,18,23,24,25,9,5,25,12,6,11,17,8,14,7,18,24,2,23,10
3371,17/04/2025,False,1926398.67,1,6,7,8,11,13,15,16,17,18,19,20,21,22,23,24,22,18,13,19,11,24,8,6,15,16,23,17,21,20,7
3372,19/04/2025,True,0.0,0,1,3,4,7,8,9,11,12,13,15,18,19,20,22,24,7,12,15,11,13,22,24,4,19,9,8,20,3,1,18
3373,22/04/2025,False,1097857.53,4,1,3,4,6,10,12,13,14,15,17,19,21,22,23,24,15,19,17,6,4,14,12,24,3,23,10,22,1,13,21
3374,23/04/2025,False,772851.83,2,4,5,6,7,8,10,11,12,14,15,17,18,20,21,24,11,18,14,12,20,5,17,15,4,6,24,10,8,7,21
3375,24/04/2025,False,853282.63,2,1,2,3,7,8,9,12,15,16,20,21,22,23,24,25,7,24,12,9,1,8,2,16,3,15,21,20,23,25,22
3376,25/04/2025,False,1328937.38,1,1,2,4,5,7,9,10,11,14,17,18,21,23,24,25,9,11,21,23,24,10,2,7,4,18,25,14,5,17,1
3377,26/04/2025,False,446181.71,4,1,2,3,5,6,7,9,10,11,16,18,19,21,22,25,19,7,21,9,2,18,16,11,10,1,3,6,5,25,22
3378,28/04/2025,False,707016.36,2,1,3,4,6,7,9,12,13,14,15,17,18,19,24,25,1,13,18,14,12,25,17,15,9,24,4,6,7,3,19
3379,29/04/2025,True,0.0,0,3,5,6,7,9,10,11,12,14,15,17,21,22,24,25,5,22,17,7,24,15,9,11,6,14,21,3,25,10,12
3380,30/04/2025,False,2837584.67,3,2,5,6,7,11,12,14,15,16,17,20,21,23,24,25,17,21,24,25,15,12,5,7,20,11,23,14,6,2,16
3381,02/05/2025,False,2291867.94,1,7,8,9,10,11,12,14,15,16,17,18,19,20,21,25,12,21,15,14,17,10,11,18,20,16,7,19,8,25,9
3382,03/05/2025,False,1383714.42,1,2,3,4,5,8,9,11,13,15,19,21,22,23,24,25,13,9,23,21,15,2,22,4,11,3,5,19,24,25,8
3383,05/05/2025,False,785547.65,2,1,2,3,4,5,6,8,9,10,11,13,14,15,23,24,4,15,10,9,24,23,5,8,13,2,14,6,3,11,1
3384,06/05/2025,False,1788068.04,1,2,3,4,8,9,10,11,12,14,15,17,21,22,23,25,14,12,23,21,17,3,2,9,11,10,25,15,8,4,22
3385,07/05/2025,False,1623915.09,1,1,2,3,6,7,8,11,13,14,17,18,20,23,24,25,25,17,18,13,20,14,2,24,8,3,23,7,11,1,6
3386,08/05/2025,False,598356.84,3,1,2,3,4,5,8,11,13,15,16,19,20,21,22,23,4,19,13,8,1,21,3,2,15,20,16,11,23,5,22
3387,09/05/2025,False,1650437.74,1,1,3,4,6,8,9,10,12,13,14,15,17,22,23,25,13,1,8,3,10,15,9,17,23,6,25,22,14,4,12
3388,10/05/2025,True,0.0,0,2,3,4,5,6,8,12,14,16,17,18,19,21,22,25,6,19,17,22,21,4,8,3,5,25,18,16,12,14,2
3389,12/05/2025,False,2838249.21,2,1,6,7,8,9,10,12,15,17,18,20,21,22,23,24,6,17,18,12,8,20,15,7,23,24,21,22,10,9,1
3390,13/05/2025,False,2529467.03,3,1,2,3,4,6,8,12,13,15,16,19,20,21,22,24,2,12,6,22,15,20,21,3,13,8,16,1,4,19,24
3391,14/05/2025,False,1645776.67,1,1,4,6,7,10,11,12,14,15,16,17,20,21,23,25,17,21,20,6,7,15,12,23,1,10,16,11,4,25,14
3392,15/05/2025,False,279057.52,5,1,2,3,6,7,8,9,11,13,14,17,18,19,22,24,18,22,8,1,19,3,24,6,11,2,14,9,17,7,13
3393,16/05/2025,False,372701.15,4,1,2,7,8,10,11,12,14,15,17,18,19,23,24,25,24,10,19,23,7,17,8,25,1,15,11,12,2,14,18
3394,17/05/2025,True,0.0,0,1,2,3,4,5,6,7,9,10,11,16,17,18,19,22,18,3,11,5,10,6,4,1,17,2,16,19,9,7,22
3395,19/05/2025,False,5329167.83,1,2,4,5,6,7,8,10,12,16,17,19,20,22,23,24,6,10,23,2,8,24,5,19,20,7,22,16,12,17,4
3396,20/05/2025,True,0.0,0,1,2,3,4,5,6,7,10,11,12,15,16,17,19,22,4,2,19,3,11,5,22,17,6,15,12,16,1,7,10
3397,21/05/2025,False,619406.37,7,1,3,4,6,7,9,10,11,12,13,17,18,20,22,23,9,10,22,1,23,4,20,6,17,7,13,18,3,11,12
3398,22/05/2025,False,1481989.42,1,1,2,3,4,5,7,9,10,12,14,16,17,18,19,24,12,24,4,10,9,19,18,3,7,2,17,16,1,14,5
3399,23/05/2025,False,1348759.75,1,1,3,5,6,8,10,13,14,15,16,17,21,23,24,25,25,10,5,1,21,8,23,16,17,15,6,3,24,14,13
3400,24/05/2025,False,1074600.32,6,1,3,4,5,7,8,9,11,13,14,16,19,22,23,24,13,9,4,22,19,11,23,14,24,7,5,1,16,3,8
3401,26/05/2025,False,1741267.33,1,2,3,4,5,6,8,9,12,15,16,17,18,20,21,25,15,25,16,17,12,20,3,6,9,21,2,18,8,5,4
3402,27/05/2025,False,353392.42,3,1,2,4,7,9,10,11,13,14,15,18,19,20,24,25,13,20,10,24,25,4,1,9,7,18,15,2,11,19,14
3403,28/05/2025,False,467913.13,3,1,2,4,7,8,9,11,12,13,15,18,19,21,22,25,19,13,25,21,11,4,18,7,12,9,1,22,8,15,2
3404,29/05/2025,False,781115.26,2,2,3,4,5,7,8,11,12,13,16,17,19,21,22,25,25,22,3,5,8,13,21,16,17,12,4,2,19,11,7
3405,30/05/2025,False,990316.01,2,2,6,7,11,12,13,14,15,16,17,18,20,22,23,25,14,17,16,13,23,20,18,2,22,12,6,15,11,25,7
3406,31/05/2025,False,290086.75,4,1,3,5,6,7,9,10,13,14,17,19,21,22,23,25,19,7,13,21,6,10,22,25,1,17,5,14,3,23,9
3407,02/06/2025,False,1975560.08,1,3,6,7,8,9,11,12,13,14,15,16,17,19,20,25,11,7,13,9,16,25,8,15,20,19,6,3,14,17,12
3408,03/06/2025,False,280055.27,5,2,3,6,7,9,10,11,13,14,15,18,19,20,24,25,14,13,24,6,20,10,11,9,3,7,18,25,15,19,2
3409,04/06/2025,True,0.0,0,1,2,4,5,6,9,10,11,12,13,14,16,21,22,23,2,22,9,16,4,11,1,23,10,13,6,21,5,12,14
3410,05/06/2025,False,4303339.8,2,1,4,5,7,8,9,10,11,12,13,14,16,18,23,24,24,16,10,8,7,23,12,13,1,4,14,9,5,18,11
3411,06/06/2025,False,823593.29,2,1,2,5,6,10,13,14,15,16,18,20,22,23,24,25,2,22,6,1,16,13,10,24,23,14,5,25,15,20,18
3412,07/06/2025,False,958145.25,2,3,4,6,7,11,12,13,14,16,17,19,21,22,23,24,24,7,11,23,4,12,21,14,13,6,3,22,16,19,17
3413,09/06/2025,False,555506.75,3,1,2,3,4,9,11,12,13,16,18,19,20,22,23,25,13,1,16,25,19,2,18,9,23,11,12,3,4,20,22
3414,10/06/2025,False,387480.3,4,1,2,4,5,6,10,12,13,14,16,18,21,22,24,25,4,18,13,1,22,14,21,12,5,16,2,6,10,25,24
3415,11/06/2025,False,811282.13,2,1,2,4,6,7,10,11,13,14,15,16,17,18,21,25,25,14,6,10,11,1,16,18,15,21,7,13,4,2,17
3416,12/06/2025,False,1398330.71,1,2,3,4,5,7,10,11,12,13,14,17,19,20,21,24,20,3,11,21,2,13,5,14,12,24,10,7,4,19,17
3417,13/06/2025,False,780406.14,2,3,4,6,7,8,9,10,11,12,13,15,17,22,24,25,7,17,9,8,25,15,6,12,11,3,22,10,13,4,24
3418,14/06/2025,False,1764882.05,1,2,3,4,5,6,7,8,10,12,13,16,20,21,23,24,5,24,6,4,20,8,16,12,13,21,7,2,23,3,10
3419,16/06/2025,False,1267615.27,1,1,2,3,4,6,7,9,10,12,13,15,17,19,20,25,19,6,12,13,1,15,17,2,25,7,10,4,20,9,3
3420,17/06/2025,False,5891518.64,1,3,5,6,7,11,14,15,16,17,18,19,21,22,23,25,15,17,3,7,16,11,23,14,18,22,5,19,6,25,21
3421,18/06/2025,True,0.0,0,1,2,3,6,9,12,14,15,16,17,20,21,22,23,24,6,22,1,14,23,24,12,17,9,2,21,20,3,16,15
3422,20/06/2025,False,1363208.68,4,1,2,3,4,5,6,7,11,14,16,17,21,22,23,24,7,1,24,23,2,14,3,11,4,6,5,22,21,16,17
3423,21/06/2025,False,606795.52,3,1,2,3,4,8,11,12,14,15,17,18,19,20,22,23,11,12,8,3,17,18,14,4,19,23,2,22,15,20,1
3424,23/06/2025,False,575865.81,3,3,6,8,11,13,16,17,18,19,20,21,22,23,24,25,13,18,21,11,16,20,23,6,17,19,8,25,3,24,22
3425,24/06/2025,False,734757.13,2,4,5,6,7,8,9,10,11,13,15,16,17,21,24,25,5,21,7,13,6,4,24,8,15,10,16,9,25,11,17
3426,25/06/2025,False,286507.04,5,1,4,5,6,8,10,11,12,13,15,16,17,18,20,21,4,8,10,15,5,17,16,12,18,11,13,1,21,20,6
3427,26/06/2025,False,828157.69,2,1,2,6,7,9,10,11,15,17,18,19,20,21,22,24,18,19,6,7,22,9,10,11,21,20,17,2,1,24,15
3428,27/06/2025,False,670924.21,2,3,5,7,11,12,13,14,15,16,19,20,22,23,24,25,14,24,13,12,3,7,11,16,23,20,25,15,5,22,19
3429,28/06/2025,False,863608.18,2,1,2,3,5,7,8,9,14,15,16,17,19,20,21,24,16,21,14,5,1,15,20,17,2,3,9,7,8,24,19
3430,30/06/2025,False,3158947.66,2,2,5,7,9,10,12,16,17,18,20,21,22,23,24,25,20,17,9,7,2,25,23,5,12,10,21,18,22,24,16
3431,01/07/2025,True,0.0,0,2,3,4,6,7,9,11,12,14,16,17,18,19,21,24,16,11,9,14,6,12,18,7,2,17,19,24,21,4,3
3432,02/07/2025,False,1215260.06,4,4,9,11,12,13,14,15,16,17,18,19,20,21,23,24,18,24,23,15,14,19,13,11,16,4,12,17,9,21,20
3433,03/07/2025,False,848696.12,2,1,2,3,6,9,11,12,13,16,17,18,19,21,23,24,1,19,6,9,21,13,18,12,2,24,17,11,23,16,3
3434,04/07/2025,False,572128.61,3,2,4,5,7,8,10,13,15,16,18,19,20,21,23,24,4,24,20,18,10,13,7,16,15,2,23,8,5,19,21
3435,05/07/2025,False,1681236.43,1,1,3,6,10,11,12,13,14,16,18,21,22,23,24,25,21,3,18,10,12,14,16,6,1,22,13,24,23,25,11
3436,07/07/2025,False,1806333.97,1,1,2,3,6,8,11,13,14,15,16,17,20,22,23,25,2,15,6,1,25,16,11,13,17,23,14,3,22,20,8
3437,08/07/2025,False,798474.5,2,1,5,6,8,9,11,12,14,15,17,19,20,22,24,25,12,22,25,19,11,17,5,14,1,20,15,9,6,8,24
3438,09/07/2025,False,1196971.56,1,2,4,8,9,10,11,12,13,15,16,17,18,19,23,24,4,9,19,10,16,15,23,13,2,12,17,24,18,11,8
3439,10/07/2025,True,0.0,0,2,3,4,5,6,7,9,10,11,12,14,15,16,22,23,14,3,4,22,23,11,16,10,12,9,15,2,6,5,7
3440,11/07/2025,False,3243515.68,3,1,3,4,6,7,8,9,12,13,15,16,17,18,21,25,8,15,7,18,12,6,13,25,16,3,1,4,9,17,21
3441,12/07/2025,False,474806.9,4,1,2,3,4,5,11,14,16,18,20,21,22,23,24,25,16,2,21,4,25,20,14,22,11,1,5,23,3,24,18
3442,14/07/2025,False,265606.19,4,1,3,5,6,7,9,10,13,15,16,18,19,21,23,25,25,21,10,18,23,1,13,9,6,15,7,5,16,3,19
3443,15/07/2025,False,1559877.16,1,1,4,5,6,8,10,11,12,13,15,16,19,20,24,25,16,10,4,5,11,25,20,12,19,13,15,24,1,6,8
3444,16/07/2025,False,386605.69,4,2,3,6,7,9,11,12,13,16,17,19,21,22,24,25,25,13,6,7,22,16,9,17,19,12,24,21,3,2,11
3445,17/07/2025,True,0.0,0,1,2,4,5,6,9,11,12,14,18,19,20,21,22,25,11,12,14,1,18,9,4,20,19,2,25,21,6,22,5
3446,18/07/2025,True,0.0,0,3,4,5,7,9,10,12,13,16,19,21,22,23,24,25,16,23,7,4,25,12,9,22,10,5,13,24,3,21,19
3447,19/07/2025,False,2903452.19,3,2,3,6,7,11,12,13,14,17,18,19,20,21,22,23,18,17,14,13,12,3,2,23,22,19,6,7,20,21,11
3448,21/07/2025,False,94007.31,14,1,3,5,7,9,10,11,12,14,16,17,20,21,23,25,3,25,17,23,16,11,1,10,12,20,21,5,9,7,14
3449,22/07/2025,False,1447136.25,1,1,4,7,8,11,13,15,16,18,20,21,22,23,24,25,11,24,20,22,21,25,4,1,18,7,16,15,8,23,13
3450,23/07/2025,False,3450320.3,2,1,2,4,5,6,7,11,12,13,14,15,18,23,24,25,25,2,7,13,5,14,12,23,1,11,18,6,15,24,4
3451,24/07/2025,True,0.0,0,1,2,6,7,8,9,14,15,17,18,20,21,22,24,25,2,9,18,8,17,7,24,20,25,21,1,14,15,6,22
3452,25/07/2025,False,2282264.17,2,1,4,5,8,9,11,12,13,15,16,18,19,20,21,25,4,12,16,5,13,8,1,18,15,11,20,21,25,9,19
3453,26/07/2025,True,0.0,0,2,3,4,5,7,9,10,11,12,13,19,21,23,24,25,11,21,19,3,5,9,4,23,25,12,7,24,2,10,13
3454,28/07/2025,False,326128.72,10,2,3,4,7,9,10,11,13,14,15,17,18,20,22,24,2,20,17,9,13,14,4,24,22,11,7,10,3,18,15
3455,29/07/2025,False,362459.63,3,1,2,3,5,6,9,10,13,15,17,19,21,22,23,25,23,3,15,9,2,17,10,22,19,1,21,6,13,25,5
3456,30/07/2025,False,1320964.7,1,1,2,3,5,6,7,11,12,13,15,16,19,22,23,25,23,6,19,22,7,2,15,13,25,12,3,5,11,1,16
3457,31/07/2025,True,0.0,0,1,2,4,6,9,10,11,12,16,17,18,20,22,23,25,23,4,9,12,10,18,20,6,1,22,11,17,25,2,16
3458,01/08/2025,False,4476638.1,1,2,3,4,5,7,8,9,10,11,14,16,18,20,23,25,14,5,10,25,7,11,18,4,3,23,8,16,20,2,9
3459,02/08/2025,False,1622650.59,1,1,3,5,6,7,12,14,15,17,18,19,20,22,23,25,14,6,19,23,25,3,17,18,15,12,1,5,20,7,22
3460,04/08/2025,False,3413036.6,2,1,2,3,4,6,8,11,12,16,17,18,19,22,23,25,2,23,19,4,16,18,1,8,11,17,12,3,25,6,22
3461,05/08/2025,True,0.0,0,2,3,4,5,6,8,9,10,11,13,18,19,21,23,25,6,10,25,13,5,4,3,23,21,11,8,19,9,18,2
3462,06/08/2025,False,1117843.62,4,1,2,9,10,13,14,15,16,17,18,19,20,22,24,25,25,17,13,16,24,19,1,20,10,18,15,2,9,14,22
3463,07/08/2025,False,1072445.99,2,1,2,4,6,7,8,11,14,15,16,17,18,19,21,22,11,8,16,6,2,17,15,18,14,22,1,7,21,4,19
3464,08/08/2025,True,0.0,0,1,3,4,6,11,13,14,15,16,17,18,20,21,22,25,20,21,25,6,11,15,1,18,4,13,16,3,14,22,17
3465,09/08/2025,False,2601452.45,2,1,4,5,6,9,10,11,12,14,15,17,18,21,22,24,22,9,6,1,11,4,12,14,21,5,18,17,15,24,10
3466,11/08/2025,True,0.0,0,1,5,6,7,9,10,12,15,17,18,19,21,23,24,25,12,10,21,1,18,7,5,19,17,9,24,25,23,6,15
3467,12/08/2025,False,1525501.47,3,3,4,5,6,7,8,9,13,14,16,18,19,20,21,25,3,20,25,19,9,6,4,21,16,5,7,18,14,13,8
3468,13/08/2025,False,274124.1,5,1,3,4,6,9,10,12,13,14,18,19,21,23,24,25,12,24,3,6,9,10,4,18,21,19,1,25,13,14,23
3469,14/08/2025,False,1472926.26,1,1,3,5,6,7,8,11,12,13,15,17,18,21,22,24,6,12,1,8,22,18,21,7,15,17,13,11,24,5,3
3470,15/08/2025,False,6697985.94,1,1,4,5,7,8,10,12,13,14,18,20,21,22,23,24,18,24,5,7,10,21,23,22,14,8,13,4,20,12,1
3471,16/08/2025,False,1504911.32,1,1,2,3,5,6,11,13,16,17,19,21,22,23,24,25,25,2,16,23,5,19,22,3,24,6,21,1,17,11,13
3472,18/08/2025,True,0.0,0,2,3,5,7,10,11,12,13,15,18,19,21,23,24,25,11,2,7,23,18,3,24,12,15,19,25,13,21,10,5
3473,19/08/2025,False,607659.64,5,2,3,4,5,6,7,9,12,13,14,17,18,19,23,25,14,9,5,23,25,19,4,13,6,7,12,17,3,2,18
3474,20/08/2025,False,767416.72,2,1,4,6,8,9,10,12,13,14,15,18,19,20,21,25,12,4,15,25,10,1,14,21,13,20,9,8,19,6,18
3475,21/08/2025,True,0.0,0,1,3,4,5,6,11,14,15,18,20,21,22,23,24,25,22,1,23,6,5,4,14,18,20,25,21,15,3,24,11
3476,22/08/2025,False,2033503.06,2,3,5,6,7,8,10,12,15,16,17,19,20,23,24,25,3,15,19,25,5,20,8,7,17,6,23,12,24,10,16
3477,23/08/2025,False,1420288.62,1,2,3,5,6,8,12,15,16,17,18,20,21,23,24,25,5,2,16,3,21,12,18,25,24,20,6,17,23,15,8
3478,25/08/2025,False,1713470.68,1,1,4,5,6,7,8,9,10,12,14,15,17,21,22,24,15,1,12,24,10,5,7,9,4,22,21,6,14,17,8
3479,26/08/2025,True,0.0,0,1,5,6,8,9,10,12,13,15,16,18,19,23,24,25,16,10,9,1,18,19,5,8,12,25,6,24,15,13,23
3480,06/09/2025,False,4293824.84,54,3,5,6,8,9,12,13,14,15,16,17,20,21,22,23,14,23,6,15,8,17,20,16,21,5,3,12,9,13,22
3481,08/09/2025,False,896148.61,2,1,2,3,4,5,7,9,10,13,14,19,21,22,23,24,13,23,7,10,3,4,22,2,24,5,21,1,14,19,9
3482,09/09/2025,False,724370.11,2,1,2,4,5,9,10,13,14,15,17,19,20,22,24,25,25,17,15,24,9,13,1,4,10,22,20,19,5,2,14
3483,10/09/2025,False,325859.61,4,2,4,7,8,9,12,13,14,15,17,18,20,22,24,25,4,13,25,7,20,18,9,12,15,22,17,24,8,14,2
3484,11/09/2025,False,529556.06,2,1,3,4,5,7,8,9,11,13,14,15,17,23,24,25,7,4,1,23,24,25,5,15,17,9,3,14,13,11,8
3485,12/09/2025,False,1386307.23,1,2,3,4,5,6,9,10,11,12,13,15,18,20,22,25,15,25,4,13,2,11,20,22,12,3,9,10,5,18,6
3486,13/09/2025,True,0.0,0,2,6,7,8,9,10,11,12,16,17,18,19,22,24,25,2,9,18,24,7,25,16,6,12,22,17,19,10,8,11
3487,15/09/2025,False,5835868.44,1,2,4,5,7,10,12,13,15,16,17,18,19,21,22,23,15,22,5,16,12,17,23,19,4,2,7,18,13,10,21
3488,16/09/2025,False,663523.03,2,1,3,4,5,6,8,9,11,12,13,14,15,17,22,25,6,11,17,13,12,9,5,25,15,4,3,22,1,14,8
3489,17/09/2025,False,1859974.77,1,1,2,5,8,9,11,14,16,17,20,21,22,23,24,25,8,5,22,25,23,2,21,11,24,17,20,14,16,9,1
3490,18/09/2025,False,2133812.85,3,2,3,4,7,8,11,13,14,15,16,18,19,21,23,25,18,23,14,2,8,15,21,4,13,7,3,16,11,25,19
3491,19/09/2025,False,390602.85,4,1,2,4,8,9,10,12,13,15,17,21,22,23,24,25,15,4,21,22,1,10,12,9,13,8,24,2,17,25,23
3492,20/09/2025,False,1635943.32,1,2,3,4,8,9,10,13,17,18,19,20,21,22,23,25,17,22,18,3,4,20,2,23,10,25,21,9,8,13,19
3493,22/09/2025,False,517435.34,3,2,3,4,5,6,10,11,13,15,16,19,20,21,23,24,19,21,15,3,16,20,24,6,4,2,23,11,13,5,10
3494,23/09/2025,True,0.0,0,1,4,9,10,11,12,14,15,16,17,19,21,22,24,25,22,21,10,15,24,4,25,12,11,9,16,19,1,17,14
3495,24/09/2025,False,1110392.69,4,2,3,6,8,9,11,12,15,16,18,19,20,22,23,25,6,8,3,19,2,9,12,16,23,11,20,15,22,25,18
3496,25/09/2025,False,537164.18,3,1,4,5,8,9,11,13,14,15,16,17,18,20,23,24,1,14,15,20,11,24,9,17,4,5,13,18,8,16,23
3497,26/09/2025,False,1693080.25,1,1,2,3,4,6,10,11,12,13,14,15,18,19,21,25,4,12,3,18,1,6,14,25,21,15,11,2,10,19,13
3498,27/09/2025,False,1863406.25,1,1,2,3,4,5,7,8,9,15,16,17,19,21,22,24,1,17,2,4,19,7,21,24,3,15,9,22,8,5,16
3499,29/09/2025,False,1073167.21,1,1,5,7,9,10,11,12,13,14,17,18,19,23,24,25,19,1,7,13,5,12,24,25,18,9,14,11,17,23,10
3500,30/09/2025,False,1144466.65,6,1,2,4,5,6,7,9,10,11,12,14,16,18,19,21,11,21,18,10,9,1,16,7,6,5,12,2,14,19,4
3501,01/10/2025,False,1538481.73,1,1,3,7,9,11,12,13,15,16,18,19,20,21,22,24,21,3,19,13,20,7,1,11,16,18,15,24,22,9,12
3502,02/10/2025,False,2069158.52,1,4,5,6,7,8,9,14,15,16,17,18,19,20,21,25,9,17,16,7,4,5,15,6,20,19,25,14,18,21,8
3503,03/10/2025,False,477285.57,4,1,4,6,7,8,10,11,12,14,15,16,18,21,24,25,8,25,18,14,11,15,10,24,12,6,1,7,4,16,21
3504,04/10/2025,False,1007837.93,2,1,2,4,6,7,9,10,12,15,16,17,21,22,23,25,7,6,23,12,2,21,22,17,10,9,16,15,4,1,25
3505,06/10/2025,False,987681.65,2,1,2,3,4,6,7,8,9,11,14,16,20,21,23,25,11,14,7,2,1,21,6,3,23,16,20,8,25,4,9
3506,07/10/2025,False,888642.22,2,3,4,5,6,8,11,12,13,16,17,18,22,23,24,25,16,25,22,6,5,17,23,11,24,4,12,3,8,13,18
3507,08/10/2025,False,351719.6,4,2,3,4,7,9,10,11,12,17,18,19,21,22,24,25,4,12,24,10,18,22,9,17,21,7,2,25,11,3,19
3508,09/10/2025,True,0.0,0,1,3,4,5,6,8,11,13,14,16,17,20,21,22,24,20,3,17,11,13,21,5,22,1,8,16,14,4,6,24
3509,10/10/2025,False,537675.83,8,1,3,4,7,9,10,12,14,15,16,19,21,22,24,25,21,10,15,9,3,14,22,1,16,4,25,12,19,7,24
3510,11/10/2025,False,7121535.42,1,1,2,3,4,5,6,7,8,13,14,15,17,21,22,23,15,5,1,6,23,14,2,8,4,21,17,3,13,7,22
3511,13/10/2025,False,1667353.17,1,2,3,5,6,7,8,9,12,13,14,15,19,20,23,24,19,14,5,20,6,15,13,23,8,3,9,7,24,2,12
3512,14/10/2025,False,792639.19,2,1,2,3,4,5,6,9,12,13,14,15,17,19,20,22,6,12,1,17,9,2,19,13,22,5,14,15,20,4,3
3513,15/10/2025,False,845791.82,2,3,4,5,6,7,11,13,14,15,16,18,20,22,23,24,4,20,24,18,13,14,15,5,11,23,3,7,22,16,6
3514,16/10/2025,False,1568528.16,1,1,3,4,5,6,8,10,12,13,16,17,20,21,23,24,10,12,3,23,13,17,16,21,6,1,20,24,8,5,4
3515,17/10/2025,True,0.0,0,1,2,3,4,5,6,7,9,14,15,16,17,21,23,24,3,5,7,24,14,23,16,21,4,6,17,2,1,15,9
3516,18/10/2025,False,4715324.16,1,2,3,6,11,12,13,14,15,17,18,19,20,21,23,25,12,3,11,15,20,25,23,14,18,2,17,13,19,6,21
3517,20/10/2025,True,0.0,0,1,2,3,7,8,11,12,14,17,18,19,20,21,22,24,17,19,7,3,12,8,21,1,22,2,24,14,20,11,18
3518,21/10/2025,False,2280777.15,2,2,5,6,7,11,12,13,14,16,17,19,21,22,24,25,13,17,16,22,12,21,25,2,11,24,5,7,6,19,14
3519,22/10/2025,True,0.0,0,4,5,6,7,8,13,14,16,17,18,20,21,22,23,25,20,17,8,18,22,25,21,14,4,16,7,13,5,6,23
3520,23/10/2025,False,1329631.87,7,1,3,7,8,10,12,13,15,16,18,19,20,21,22,23,12,23,19,1,13,7,21,3,15,18,8,20,22,16,10
3521,24/10/2025,False,202302.67,10,6,7,8,9,10,11,12,13,14,15,19,20,21,22,23,10,7,12,21,8,23,9,6,19,15,13,22,14,20,11
3522,25/10/2025,False,484787.34,3,1,2,4,5,7,8,10,11,12,14,15,17,20,22,24,17,12,8,1,7,5,10,24,4,11,14,2,20,22,15
3523,27/10/2025,True,0.0,0,5,6,8,9,10,11,12,14,15,16,17,19,23,24,25,23,11,17,14,10,19,15,12,5,6,16,25,9,24,8
3524,28/10/2025,False,588123.72,7,2,3,4,5,7,9,12,13,14,15,16,17,18,22,24,7,9,5,22,24,2,16,18,15,13,4,12,17,14,3
3525,29/10/2025,False,847987.42,2,1,2,3,7,10,11,14,15,16,17,18,20,21,23,24,17,18,14,24,2,1,11,7,10,15,23,21,16,3,20
3526,30/10/2025,True,0.0,0,1,3,7,8,10,12,14,15,17,18,19,20,21,22,23,21,1,18,10,22,7,23,15,8,19,20,3,14,17,12
3527,31/10/2025,False,2095333.5,2,2,3,4,6,7,9,13,14,15,16,17,19,20,23,24,14,24,19,23,17,2,15,3,13,16,20,4,7,6,9
3528,01/11/2025,False,1846822.03,1,1,3,5,6,7,9,10,16,18,19,20,22,23,24,25,16,23,20,7,24,10,22,5,9,3,19,18,25,1,6
3529,03/11/2025,False,862502.19,2,1,7,8,10,11,12,14,15,16,17,18,19,20,22,24,15,19,7,14,8,18,12,22,10,24,11,20,17,16,1
3530,04/11/2025,True,0.0,0,1,2,3,5,7,11,12,13,15,16,20,22,23,24,25,16,20,11,23,2,5,1,24,22,7,13,15,3,25,12
3531,05/11/2025,False,2064988.82,5,1,3,4,5,7,8,10,11,12,14,15,16,18,19,22,5,8,16,4,3,19,18,7,15,12,11,10,14,1,22
3532,06/11/2025,False,398110.55,4,2,3,4,5,6,7,8,10,11,12,14,15,17,23,25,10,25,3,7,14,4,12,17,11,23,8,5,2,15,6
3533,07/11/2025,False,1686696.39,1,1,3,5,6,8,11,12,13,14,15,19,20,22,23,25,22,25,19,15,6,1,11,13,3,5,23,8,14,20,12
3534,08/11/2025,False,565361.37,3,1,3,7,9,11,12,13,14,15,16,17,19,20,21,22,12,22,1,19,3,13,7,11,15,21,20,14,9,16,17
3535,10/11/2025,False,1879951.06,1,2,3,6,7,8,9,11,13,18,19,20,21,22,24,25,20,24,9,25,13,18,21,19,3,2,7,22,8,11,6
3536,11/11/2025,False,1974486.37,1,1,3,4,6,7,8,9,10,11,15,16,17,18,22,24,11,24,16,18,10,3,6,22,8,7,9,15,4,17,1
3537,12/11/2025,True,0.0,0,1,2,3,4,7,9,10,12,15,19,20,21,22,24,25,4,19,12,21,10,1,24,2,22,7,20,25,3,15,9
3538,13/11/2025,False,1328484.3,3,2,3,5,8,9,10,13,14,17,19,20,21,22,24,25,19,13,17,25,10,3,21,2,5,9,20,14,24,8,22
3539,14/11/2025,True,0.0,0,1,2,7,8,9,11,12,13,14,16,18,19,20,23,24,7,9,19,24,2,1,12,16,8,14,20,13,23,11,18
3540,17/11/2025,False,1393089.65,8,1,2,3,5,6,9,10,13,14,15,16,18,22,23,25,10,25,6,22,13,15,2,16,18,14,9,23,5,3,1
3541,18/11/2025,True,0.0,0,1,2,3,4,6,8,13,14,16,17,18,19,21,23,25,6,13,21,23,16,8,1,25,18,4,19,3,17,14,2
3542,19/11/2025,False,2356437.98,2,1,2,5,8,11,12,13,15,18,19,21,22,23,24,25,25,21,11,22,24,18,19,1,23,13,2,12,5,8,15
3543,21/11/2025,True,0.0,0,1,4,5,6,7,8,9,14,15,16,17,20,21,22,25,9,21,14,5,4,25,15,16,1,7,8,6,22,17,20
3544,22/11/2025,False,1032748.6,5,1,4,5,6,8,10,11,12,15,17,20,21,22,23,25,10,4,12,1,25,22,11,21,8,23,20,17,5,15,6
3545,24/11/2025,False,275315.74,6,1,4,5,6,7,8,11,12,14,17,19,20,21,22,25,14,22,6,8,11,19,4,20,25,7,17,5,1,21,12
3546,25/11/2025,False,222699.54,5,2,3,5,7,8,11,12,13,18,19,20,22,23,24,25,7,24,23,8,5,25,11,19,20,2,13,22,18,3,12
3547,26/11/2025,True,0.0,0,2,5,6,7,9,10,14,15,17,18,19,20,21,24,25,18,10,14,2,19,6,15,24,25,9,7,5,17,20,21
3548,27/11/2025,False,2228769.55,2,4,8,9,10,11,12,13,15,16,17,19,21,23,24,25,9,11,13,8,4,15,10,16,23,21,12,19,17,25,24
3549,28/11/2025,False,773742.07,2,2,5,7,8,9,11,12,14,17,20,21,22,23,24,25,17,9,2,23,22,7,14,25,24,8,20,21,11,5,12
3550,29/11/2025,False,2316352.3,3,1,4,6,7,8,12,13,15,16,18,19,20,22,23,24,22,18,4,8,16,1,7,24,20,6,15,19,23,12,13
3551,01/12/2025,True,0.0,0,1,2,3,7,8,10,11,12,15,16,17,19,21,22,25,7,21,19,11,3,22,15,10,17,12,25,2,8,16,1
3552,02/12/2025,False,1605489.89,3,4,5,6,7,11,12,14,15,16,17,18,20,21,23,25,17,16,15,18,6,14,4,11,23,12,5,20,7,25,21
3553,03/12/2025,False,473667.59,3,1,2,3,7,8,9,12,13,16,17,19,21,22,23,24,7,17,12,19,1,13,23,8,2,24,22,21,9,16,3
3554,04/12/2025,False,321930.69,5,1,3,4,5,8,9,11,12,14,15,16,18,22,23,25,16,4,15,11,8,5,18,12,9,25,22,23,14,3,1
3555,05/12/2025,False,862405.46,2,1,2,3,4,7,8,10,13,14,15,18,19,20,23,24,8,14,15,3,1,7,13,20,23,18,19,4,10,2,24
3556,06/12/2025,False,342754.14,5,1,2,3,4,5,7,9,10,12,14,16,17,19,21,23,10,23,9,17,4,19,1,16,5,2,7,14,3,12,21
3557,08/12/2025,False,558208.9,3,5,6,7,9,10,13,14,15,16,17,19,20,21,22,24,22,6,21,16,7,13,10,5,9,20,15,17,14,19,24
3558,09/12/2025,False,1167329.13,1,2,3,4,7,9,12,13,14,15,18,20,22,23,24,25,13,22,4,20,12,3,25,24,18,14,9,15,23,7,2
3559,10/12/2025,True,0.0,0,1,2,6,8,9,10,11,13,14,15,16,19,20,24,25,6,20,19,9,11,1,14,16,24,10,2,13,25,8,15
3560,11/12/2025,False,1259557.7,7,1,3,4,6,7,8,10,11,12,13,17,18,19,23,24,17,11,3,8,24,7,13,6,12,1,18,23,10,4,19
3561,12/12/2025,False,1857762.61,1,1,2,4,5,6,7,8,10,15,16,17,18,20,21,25,25,7,16,8,1,15,2,18,10,20,4,6,21,17,5
3562,13/12/2025,False,680760.78,2,3,5,6,7,9,10,11,12,13,14,15,19,22,23,25,11,14,15,13,7,5,22,19,6,10,3,12,23,25,9
3563,15/12/2025,False,1076294.49,1,1,3,4,9,10,11,12,13,15,17,19,20,21,23,25,1,15,9,12,21,23,4,20,11,13,25,10,3,17,19
3564,16/12/2025,True,0.0,0,5,6,7,8,9,11,12,13,14,19,20,21,23,24,25,7,5,19,25,20,14,24,23,11,8,6,21,12,9,13
3565,17/12/2025,False,1194928.84,4,1,4,10,11,13,16,17,18,19,20,21,22,23,24,25,10,23,16,1,25,22,4,17,24,20,13,18,11,21,19
3566,18/12/2025,True,0.0,0,1,2,4,7,8,12,13,14,15,17,20,21,22,23,24,12,24,4,20,17,22,2,1,13,15,14,7,21,8,23
3567,19/12/2025,False,711327.92,6,1,2,4,8,9,10,11,12,14,15,18,19,20,24,25,1,2,18,25,4,9,20,8,19,12,14,10,24,15,11
3568,20/12/2025,False,1715202.04,1,1,2,4,5,6,7,8,10,11,13,18,19,20,22,24,10,8,6,24,18,20,19,13,22,1,11,2,5,4,7
3569,22/12/2025,False,1972676.92,1,1,2,3,4,5,6,8,10,14,15,17,18,19,20,24,2,1,15,14,3,10,17,8,19,20,18,5,4,6,24
3570,23/12/2025,False,1248081.95,5,1,2,3,5,6,10,11,13,15,18,19,20,21,22,24,19,18,3,13,6,10,21,1,11,5,24,20,2,15,22
3571,24/12/2025,False,607560.15,2,2,3,4,5,6,8,11,12,13,14,17,20,22,24,25,12,17,20,14,22,24,8,5,2,3,6,4,11,13,25
3572,26/12/2025,False,927289.3,2,1,2,4,5,7,10,12,14,15,16,17,18,19,22,24,7,15,12,10,16,22,24,1,5,17,19,18,2,14,4
3573,27/12/2025,False,569570.73,3,1,2,7,8,10,11,12,14,15,16,17,20,22,23,25,22,14,7,8,10,17,20,12,23,1,25,15,2,11,16
3574,29/12/2025,True,0.0,0,1,3,4,5,6,8,12,13,15,16,17,18,20,21,25,15,21,3,25,6,5,13,4,20,17,8,12,18,1,16
3575,30/12/2025,False,1632554.23,3,2,4,5,7,8,9,10,12,13,14,15,17,21,22,25,9,12,14,25,17,13,21,4,2,7,22,5,10,15,8
3576,01/01/2026,False,662191.32,2,1,2,3,5,7,8,10,13,16,18,19,21,22,23,25,10,23,21,16,25,22,5,8,2,1,19,18,13,7,3
3577,02/01/2026,False,1732560.41,1,1,2,4,5,6,8,9,10,12,16,18,20,23,24,25,8,12,10,23,4,9,2,5,24,1,18,6,16,20,25
3578,03/01/2026,True,0.0,0,2,3,4,5,6,7,9,10,14,17,19,20,22,23,24,3,9,23,10,6,17,5,7,20,4,19,14,22,2,24
3579,05/01/2026,False,768413.77,5,1,2,3,4,8,10,11,13,15,17,19,20,21,23,25,25,4,23,20,8,10,2,11,15,21,19,1,17,3,13
3580,06/01/2026,False,535077.32,13,1,4,5,6,8,9,12,13,15,16,19,20,21,23,25,13,4,8,16,12,15,23,25,1,5,20,21,9,6,19
3581,07/01/2026,False,970083.13,2,2,3,4,5,6,7,8,10,12,15,16,17,20,22,24,24,3,6,7,8,5,17,22,20,12,4,15,10,2,16
3582,08/01/2026,False,1106879.12,2,2,5,6,7,8,9,10,11,12,13,16,18,23,24,25,12,25,18,8,10,16,13,23,2,5,24,6,11,9,7
3583,09/01/2026,True,0.0,0,2,3,4,6,9,10,12,13,14,15,21,22,23,24,25,2,21,22,10,9,4,14,15,6,24,25,12,13,23,3
3584,10/01/2026,False,1784670.8,3,1,2,4,7,8,9,13,15,16,17,18,20,21,23,25,16,9,17,20,7,4,8,21,13,1,18,25,15,23,2
3585,12/01/2026,False,629984.95,3,1,2,4,8,9,10,13,16,17,19,20,21,22,23,25,21,25,4,2,19,20,23,13,22,10,9,17,16,1,8
3586,13/01/2026,True,0.0,0,1,2,6,10,11,12,13,14,15,17,18,21,22,24,25,13,1,25,15,22,2,10,18,17,6,14,12,21,24,11
3587,14/01/2026,False,2706729.6,2,1,2,4,8,9,10,11,12,13,16,17,18,19,20,22,20,22,12,13,11,2,19,4,9,10,8,1,16,17,18
3588,15/01/2026,True,0.0,0,3,5,7,8,9,11,14,15,16,17,19,21,22,23,24,24,3,7,8,5,16,11,14,23,9,21,15,19,22,17
3589,16/01/2026,False,2203620.69,2,1,2,3,4,8,10,11,12,15,18,19,21,22,24,25,18,8,24,25,22,2,12,4,3,11,1,15,19,10,21
3590,17/01/2026,False,3733907.79,2,4,6,8,10,11,12,13,15,16,17,19,20,21,22,23,16,10,11,22,17,23,21,8,20,4,13,19,6,15,12
3591,19/01/2026,True,0.0,0,1,2,3,4,6,7,10,11,13,14,15,17,18,19,20,17,15,7,3,1,13,14,19,2,6,10,11,18,20,4
3592,20/01/2026,False,4788096.29,1,1,4,5,6,7,9,12,13,17,18,20,21,22,23,25,5,18,25,17,12,21,20,1,13,9,22,23,4,6,7
3593,21/01/2026,False,849593.57,2,1,3,4,6,7,8,9,10,12,15,18,19,23,24,25,23,25,24,1,9,10,15,8,4,19,12,6,7,3,18
3594,22/01/2026,False,1682823.51,1,1,2,4,5,7,8,9,11,14,15,18,20,21,23,24,5,20,4,8,9,1,2,15,23,11,18,21,24,14,7
3595,23/01/2026,False,405449.59,3,1,2,4,5,6,8,10,12,13,15,16,20,21,22,25,13,12,8,4,2,21,20,25,5,22,16,6,10,15,1
3596,24/01/2026,True,0.0,0,1,2,3,4,5,6,7,8,14,15,16,18,20,21,22,18,6,4,20,3,14,22,8,21,7,15,2,1,5,16
3597,26/01/2026,False,4502640.33,1,1,4,5,7,10,11,13,14,15,16,19,20,21,23,25,25,19,11,16,20,10,14,15,7,21,1,13,4,23,5
3598,27/01/2026,True,0.0,0,1,3,4,5,6,7,8,9,11,16,18,21,22,23,24,11,1,18,24,3,16,8,6,4,21,23,7,5,22,9
3599,28/01/2026,True,0.0,0,1,4,6,7,8,9,11,12,13,16,19,20,21,23,24,20,16,4,24,9,12,8,11,23,21,6,7,1,13,19
3600,29/01/2026,False,4995383.67,3,3,4,5,6,7,8,9,11,12,16,17,20,21,22,25,12,25,11,8,6,7,16,3,4,9,5,20,22,17,21
3601,30/01/2026,True,0.0,0,2,3,4,6,7,8,9,11,16,17,20,21,23,24,25,21,9,16,20,6,23,3,24,8,2,11,4,17,25,7
3602,31/01/2026,False,2615283.59,2,1,2,3,4,5,6,8,9,15,18,19,20,22,23,24,19,1,23,4,22,15,24,2,9,6,3,5,18,8,20
3603,02/02/2026,False,813480.2,2,2,4,5,9,10,11,12,14,15,17,19,20,21,22,24,21,15,20,19,12,22,14,17,2,5,24,11,10,9,4
3604,03/02/2026,False,1879379.37,1,1,2,3,6,7,8,11,13,15,16,19,21,22,23,24,13,3,2,21,16,19,24,6,23,22,15,7,1,11,8
3605,04/02/2026,True,0.0,0,1,3,4,7,10,12,13,14,19,20,21,22,23,24,25,20,10,3,14,13,19,21,25,4,23,7,12,1,22,24
3606,05/02/2026,False,620329.13,7,2,3,6,7,9,11,12,14,15,17,19,20,21,23,24,20,14,6,17,19,24,11,2,12,9,21,15,23,3,7
3607,06/02/2026,False,978124.79,2,1,2,4,5,6,8,9,13,14,15,16,18,19,20,23,18,2,23,8,5,20,9,15,1,4,6,13,14,16,19
3608,07/02/2026,False,2158463.59,1,2,5,6,8,9,11,14,16,17,18,19,20,22,23,25,11,2,6,20,19,5,16,25,18,17,9,14,23,22,8
3609,09/02/2026,False,759280.97,2,2,5,6,8,9,10,11,12,13,17,19,20,22,24,25,11,20,24,6,13,2,12,5,19,10,8,9,22,25,17
3610,10/02/2026,False,1036708.93,6,1,3,5,7,8,10,13,14,17,20,21,22,23,24,25,3,5,1,10,22,24,8,13,14,17,20,23,7,25,21
3611,11/02/2026,False,1857100.69,1,1,2,3,4,5,6,10,11,12,14,15,17,18,19,25,4,1,12,14,15,5,3,6,19,17,2,10,25,11,18
3612,12/02/2026,False,2074479.53,1,4,6,8,9,11,14,15,16,17,18,19,20,21,22,25,19,9,17,18,6,25,4,20,22,8,15,21,16,11,14
3613,13/02/2026,False,863629.09,2,1,3,4,7,9,10,11,12,15,16,18,20,21,22,23,9,20,1,18,22,21,16,15,12,7,3,10,4,11,23
3614,14/02/2026,False,571490.1,3,2,4,5,6,9,10,11,12,14,15,16,17,20,23,25,9,11,20,16,2,5,17,12,15,4,14,6,10,25,23
3615,18/02/2026,False,980747.13,2,2,3,6,7,8,9,10,11,14,15,17,18,21,23,25,8,6,15,23,21,9,11,10,14,2,17,7,18,25,3
3616,19/02/2026,False,574077.52,3,1,4,5,6,10,11,13,14,16,18,19,20,21,23,24,11,13,23,16,4,5,6,14,1,24,21,18,20,19,10
3617,20/02/2026,False,804951.07,2,2,4,7,8,10,11,12,13,16,19,20,21,22,23,25,10,8,16,25,19,11,2,4,22,23,12,21,20,7,13
3618,21/02/2026,True,0.0,0,1,3,4,5,9,10,11,12,14,15,20,21,22,23,24,14,3,1,11,24,22,15,9,20,10,23,5,4,12,21
3619,23/02/2026,False,888751.35,5,1,2,7,8,10,11,13,14,16,18,19,20,23,24,25,13,23,11,1,16,14,18,7,19,2,20,10,24,8,25
3620,24/02/2026,False,2210579.73,3,1,2,4,7,9,11,12,15,16,18,19,20,21,24,25,11,12,2,1,24,4,15,16,7,18,9,20,25,21,19
3621,25/02/2026,False,755105.96,2,1,2,4,6,7,9,10,11,13,15,18,22,23,24,25,10,15,11,13,24,9,1,2,6,18,4,22,25,7,23
3622,26/02/2026,False,1825837.38,1,2,3,6,7,9,10,11,12,14,15,16,18,19,20,21,18,14,10,12,16,11,2,15,21,20,3,9,6,7,19
3623,27/02/2026,False,408580.41,4,2,4,6,7,9,10,11,12,13,14,16,19,20,22,24,20,11,22,9,16,19,13,4,12,24,6,10,7,2,14
3624,28/02/2026,False,991906.9,2,1,2,4,5,6,9,11,12,13,16,18,22,23,24,25,16,9,2,25,5,22,18,24,11,23,1,4,13,6,12
3625,02/03/2026,True,0.0,0,1,4,8,9,10,13,15,16,17,18,19,21,23,24,25,25,23,21,9,17,18,13,24,19,16,4,15,1,8,10
3626,03/03/2026,True,0.0,0,1,2,3,6,7,9,10,13,15,16,17,18,20,21,25,6,18,2,13,21,9,7,25,17,3,15,16,20,1,10
3627,04/03/2026,False,1982105.68,5,1,2,6,7,8,9,10,12,13,14,15,16,17,19,21,21,8,17,16,2,12,15,7,13,1,19,10,9,14,6
3628,05/03/2026,False,829367.37,2,2,3,4,6,9,10,13,15,16,17,20,21,23,24,25,4,16,24,15,2,3,6,20,23,10,9,25,17,21,13
3629,06/03/2026,False,665977.43,3,1,4,7,13,14,15,16,17,19,20,21,22,23,24,25,20,1,21,7,16,13,14,22,15,23,17,25,19,24,4
3630,07/03/2026,False,1832000.33,4,2,3,4,5,6,7,8,11,12,14,15,17,19,23,24,14,24,11,6,12,15,2,3,5,7,4,19,8,23,17
3631,09/03/2026,False,1681287.48,1,4,7,8,9,12,13,14,15,16,17,19,20,21,23,25,19,23,25,15,4,8,16,14,21,9,12,20,13,17,7
3632,10/03/2026,True,0.0,0,1,2,3,5,6,9,10,15,17,19,20,21,22,23,25,20,3,19,5,9,21,6,2,1,17,10,15,22,25,23
3633,11/03/2026,False,2076050.22,2,1,5,6,7,10,11,13,17,18,20,21,22,23,24,25,6,22,7,13,11,1,18,21,24,23,17,20,5,10,25
3634,12/03/2026,False,587281.16,3,3,4,5,6,7,8,10,11,13,14,16,18,19,21,25,14,19,16,21,8,5,10,7,4,25,13,11,3,6,18
3635,13/03/2026,False,1925398.93,1,1,2,3,5,11,12,14,15,16,19,20,22,23,24,25,19,15,12,3,20,23,11,1,14,2,25,24,16,5,22
3636,14/03/2026,False,1017582.91,2,1,2,3,4,5,6,12,13,15,16,17,18,22,24,25,6,4,12,13,5,25,15,18,17,1,3,24,2,16,22
3637,16/03/2026,False,697625.52,3,3,4,6,7,8,9,10,11,12,16,17,20,21,22,25,25,11,7,12,9,16,20,17,10,3,6,22,8,4,21
3638,17/03/2026,False,1468952.88,1,2,3,6,7,8,10,11,13,15,18,19,20,22,24,25,7,10,3,22,18,15,13,25,19,2,11,24,6,20,8
3639,18/03/2026,False,576079.82,2,1,3,4,5,6,7,9,10,11,12,13,15,18,23,25,6,10,9,5,25,1,23,7,11,15,4,18,13,12,3
3640,19/03/2026,True,0.0,0,1,4,6,7,9,10,11,13,14,15,16,18,19,22,24,19,11,7,1,16,22,15,6,18,14,4,9,10,13,24
3641,20/03/2026,False,2185786.92,5,1,2,3,5,6,9,10,13,14,16,19,20,21,22,25,3,5,25,13,6,20,2,22,10,1,19,14,21,16,9
3642,21/03/2026,False,1474410.11,1,1,2,4,5,6,7,9,10,12,13,14,18,20,23,25,9,23,7,12,4,6,25,10,14,5,20,1,2,13,18
3643,23/03/2026,False,1560277.37,1,3,4,5,6,8,9,10,13,17,19,20,22,23,24,25,25,20,5,10,8,13,23,6,22,17,4,9,24,19,3
3644,24/03/2026,False,1151598.18,1,1,4,5,9,10,11,13,14,19,20,21,22,23,24,25,9,14,5,25,21,1,20,19,10,4,13,11,23,24,22
3645,25/03/2026,False,1399315.17,1,1,3,6,7,8,9,10,12,13,15,17,18,19,21,25,25,7,15,19,3,6,17,21,18,10,13,8,12,1,9
3646,26/03/2026,False,1058039.24,1,1,3,5,7,8,11,13,15,16,18,19,20,23,24,25,5,7,23,25,8,16,3,15,18,11,1,20,24,19,13
3647,27/03/2026,False,523457.4,3,2,4,5,8,10,12,15,16,17,19,20,21,22,24,25,25,17,22,12,2,15,16,4,19,21,8,10,20,5,24
3648,28/03/2026,True,0.0,0,1,2,5,7,8,9,10,11,13,14,15,18,19,20,22,11,7,22,19,10,1,18,2,8,14,5,13,9,15,20
3649,30/03/2026,False,4646180.1,1,6,8,9,10,11,12,13,14,15,17,18,20,21,24,25,11,6,17,14,20,9,12,13,8,24,18,15,10,21,25
3650,31/03/2026,False,3522335.86,2,2,5,6,7,8,10,11,12,13,16,17,20,21,22,25,25,21,11,5,17,10,6,13,16,7,12,8,20,2,22
3651,01/04/2026,False,516842.54,3,2,3,5,8,10,12,13,14,16,17,18,20,21,24,25,13,8,12,21,2,3,17,5,20,25,16,24,18,10,14
3652,02/04/2026,True,0.0,0,1,3,6,7,11,12,13,15,16,18,19,20,21,23,24,23,24,7,11,13,19,3,18,20,6,15,16,21,1,12
3653,04/04/2026,False,1615753.16,3,2,3,4,6,7,8,10,11,13,14,16,18,19,20,21,19,14,21,4,7,13,8,20,10,11,16,18,3,2,6
3654,06/04/2026,True,0.0,0,1,2,3,4,6,7,11,15,17,19,20,22,23,24,25,24,20,25,2,1,17,23,4,3,15,19,6,7,11,22
3655,07/04/2026,False,1767336.68,3,1,2,4,5,6,10,11,12,17,18,19,21,22,23,24,2,17,19,1,5,24,18,23,4,6,21,12,10,22,11
3656,08/04/2026,False,484041.9,4,3,4,6,7,8,11,12,14,15,18,19,20,21,24,25,6,18,12,15,3,4,8,11,24,14,25,7,20,21,19
3657,09/04/2026,False,475451.73,3,1,2,4,7,8,10,12,13,17,18,19,20,22,23,24,24,13,7,8,18,10,20,2,19,12,1,17,4,22,23
3658,10/04/2026,False,786443.96,2,2,3,4,5,9,10,11,12,13,16,18,20,22,23,24,11,2,9,24,10,3,4,20,12,22,23,16,5,13,18
3659,11/04/2026,False,1587534.24,1,3,5,6,7,8,9,10,11,13,14,15,16,17,23,25,3,8,14,7,10,13,9,6,5,23,15,11,25,16,17
3660,13/04/2026,True,0.0,0,1,2,5,6,7,8,10,11,12,14,17,18,22,23,24,24,14,23,17,10,22,5,2,6,1,18,11,8,7,12
3661,14/04/2026,False,6081209.01,2,2,3,4,5,6,7,8,10,12,14,15,19,21,23,24,7,19,15,23,14,3,5,8,2,6,10,24,4,12,21
3662,15/04/2026,True,0.0,0,4,5,6,7,8,9,10,11,12,13,15,18,20,23,25,10,13,6,25,5,4,12,8,11,7,20,9,15,18,23
3663,16/04/2026,False,3927865.39,1,1,3,4,5,6,10,12,14,17,19,20,22,23,24,25,22,5,3,4,6,14,19,12,20,24,17,1,25,23,10
3664,17/04/2026,False,1772915.3,1,1,2,4,5,6,7,10,11,12,16,18,19,20,22,23,19,1,5,18,23,16,10,7,2,4,12,22,20,11,6
3665,18/04/2026,False,1376164.75,1,1,2,3,5,6,7,9,10,11,13,16,18,22,23,25,13,5,11,22,2,16,7,3,1,9,25,18,23,6,10
3666,20/04/2026,False,1969104.93,1,1,4,6,7,9,12,14,15,16,17,19,20,21,22,23,16,21,6,7,23,9,22,20,1,15,17,12,19,4,14
3667,22/04/2026,False,793542.18,2,1,3,4,5,6,7,9,11,14,15,19,21,22,23,25,7,9,22,19,23,11,5,1,21,25,14,3,15,6,4
3668,23/04/2026,False,1021173.84,1,1,2,3,5,7,8,9,10,11,13,15,17,18,21,24,2,1,5,3,13,18,21,17,24,9,10,11,8,7,15
3669,24/04/2026,True,0.0,0,2,3,4,5,8,9,10,11,12,15,16,17,22,23,24,9,8,16,11,10,24,4,22,2,17,12,15,5,23,3
3670,25/04/2026,False,1841193.63,5,1,2,3,5,6,10,11,14,15,17,18,19,21,23,24,17,15,1,14,21,11,18,6,19,3,23,5,10,2,24
3671,27/04/2026,True,0.0,0,1,3,4,5,6,7,9,10,12,13,15,16,17,18,21,15,9,17,6,10,3,18,4,13,12,5,21,1,7,16
3672,28/04/2026,False,916809.17,4,1,3,5,7,9,10,11,12,13,14,16,20,23,24,25,12,23,3,16,1,13,20,10,14,9,24,5,7,11,25
3673,29/04/2026,False,509795.63,3,1,3,4,8,10,11,12,15,16,18,19,20,21,22,25,1,19,10,22,12,18,21,25,16,3,8,15,20,4,11
3674,30/04/2026,True,0.0,0,2,6,7,8,9,10,15,17,19,20,21,22,23,24,25,7,17,2,8,21,24,23,22,25,10,20,6,9,19,15
3675,02/05/2026,False,1096429.79,4,2,3,4,5,7,8,10,12,13,15,17,18,19,23,24,24,19,4,8,13,12,17,10,7,5,3,23,18,2,15
3676,04/05/2026,True,0.0,0,4,5,6,8,10,13,15,16,18,19,21,22,23,24,25,25,21,10,15,23,16,24,8,22,18,5,19,6,13,4
3677,05/05/2026,False,1217901.82,4,1,2,3,8,9,10,12,13,14,15,16,18,22,23,24,2,14,1,12,8,10,22,15,18,23,13,3,16,9,24
3678,06/05/2026,False,442263.76,3,1,2,3,4,5,6,8,10,11,14,18,20,23,24,25,25,14,10,11,20,24,5,3,4,8,1,23,6,18,2
3679,07/05/2026,False,487135.89,3,1,2,3,7,8,10,11,13,14,17,18,21,22,23,24,22,13,10,3,24,17,11,7,8,21,23,18,2,1,14
3680,08/05/2026,False,2251225.3,3,1,2,3,4,5,7,8,9,11,15,16,19,22,24,25,25,22,15,4,2,11,16,3,5,24,7,1,19,8,9
3681,09/05/2026,False,622105.54,3,1,2,4,5,7,9,11,12,14,15,16,20,21,22,25,2,20,22,1,7,21,4,14,9,5,16,15,12,11,25
3682,11/05/2026,False,1439295.4,1,1,2,4,5,7,9,10,11,12,13,17,18,21,22,24,13,4,11,2,9,1,17,18,24,7,10,21,12,5,22
3683,12/05/2026,False,1591770.21,1,2,3,5,7,8,9,10,11,12,14,16,19,20,24,25,2,25,8,24,12,10,19,5,11,7,14,9,16,3,20
3684,13/05/2026,False,646806.37,2,1,3,5,6,9,10,11,12,13,17,18,19,20,21,23,5,6,21,13,20,17,11,12,3,18,1,10,19,9,23
3685,14/05/2026,False,459970.95,3,1,2,4,8,10,11,14,15,17,19,20,21,23,24,25,23,21,19,20,14,11,15,25,8,2,1,10,4,24,17
3686,15/05/2026,False,466940.73,3,1,2,4,5,6,8,9,10,13,15,18,19,23,24,25,19,18,23,6,25,24,9,4,13,5,10,1,2,15,8
3687,16/05/2026,False,1968207.2,1,3,4,5,6,12,13,14,16,17,18,20,21,23,24,25,25,16,18,17,21,4,5,24,20,3,14,13,23,12,6
3688,18/05/2026,True,0.0,0,1,2,3,4,5,6,7,11,12,16,17,19,21,24,25,5,19,11,3,6,1,17,4,25,24,16,7,21,2,12
3689,19/05/2026,False,4220209.13,1,3,5,7,8,10,11,12,13,14,15,16,18,19,20,23,5,20,11,14,7,23,19,13,8,3,12,16,18,15,10
3690,20/05/2026,False,3110244.72,2,2,5,6,7,8,9,12,15,18,19,20,21,22,24,25,5,6,9,2,22,24,19,7,15,21,18,20,8,12,25
3691,21/05/2026,False,281394.78,4,2,3,5,8,9,10,13,14,15,18,19,21,23,24,25,13,23,24,14,19,15,5,10,21,25,18,2,8,9,3
3692,22/05/2026,False,1229012.94,1,2,3,5,6,7,9,10,13,14,15,19,20,23,24,25,19,7,15,20,25,5,2,10,6,14,9,13,23,24,3
3693,23/05/2026,False,351527.84,5,1,4,6,7,9,10,11,13,14,16,17,18,20,21,25,25,11,16,9,1,18,6,7,21,13,17,10,4,20,14
3694,25/05/2026,False,1286402.91,1,2,4,5,7,8,9,13,14,17,18,19,20,22,23,24,2,20,19,24,4,18,8,17,5,9,14,22,7,13,23
3695,26/05/2026,True,0.0,0,1,2,3,4,6,8,9,13,15,17,18,21,22,23,24,8,23,24,22,21,2,6,13,4,9,3,1,17,18,15
3696,27/05/2026,False,146051.92,25,2,3,5,6,7,9,11,13,15,16,17,19,21,23,24,23,15,2,24,17,21,16,9,5,7,19,13,11,3,6
3697,28/05/2026,True,0.0,0,1,5,6,7,9,10,13,15,17,18,19,20,21,24,25,5,9,25,24,15,18,19,7,10,21,1,6,17,20,13
3698,29/05/2026,False,723634.15,5,1,3,5,6,7,8,9,10,12,13,16,18,20,21,23,8,20,21,16,7,18,12,1,5,10,13,3,9,6,23
3699,30/05/2026,True,0.0,0,1,2,3,5,6,8,9,11,14,18,20,21,22,24,25,2,21,25,24,20,22,1,14,11,3,8,18,9,6,5
3700,01/06/2026,False,2629360.29,3,1,3,7,8,9,10,12,13,14,17,18,19,20,23,25,13,1,9,18,17,23,3,7,25,12,14,8,20,10,19
3701,02/06/2026,True,0.0,0,1,2,4,7,8,9,10,12,13,14,17,22,23,24,25,10,7,2,25,14,22,23,8,1,4,24,13,9,17,12
3702,03/06/2026,True,0.0,0,2,3,5,9,13,14,15,16,17,18,20,21,22,23,25,15,13,2,18,9,14,16,23,5,3,25,22,17,21,20
3703,05/06/2026,False,1714257.66,5,1,3,5,7,8,9,10,14,15,17,21,22,23,24,25,24,1,9,8,5,14,23,25,17,15,10,3,21,7,22
3704,06/06/2026,True,0.0,0,1,3,4,9,10,11,12,13,14,15,19,20,22,23,25,23,10,15,13,19,3,14,11,20,25,12,1,9,4,22
3705,08/06/2026,False,1178158.55,4,1,3,4,6,8,10,14,15,16,18,20,21,22,24,25,16,21,6,1,25,14,4,3,18,15,8,10,24,20,22
3706,09/06/2026,False,341029.77,5,1,4,6,8,9,10,12,14,15,16,18,21,22,24,25,1,6,15,8,4,10,16,22,18,12,14,25,21,24,9
3707,10/06/2026,False,722439.68,2,1,2,3,7,8,9,10,13,14,18,20,21,22,23,24,7,18,13,8,10,2,20,3,21,24,22,23,9,1,14
3708,11/06/2026,False,996700.16,2,1,2,4,5,6,8,9,12,16,17,18,19,21,23,24,6,4,1,2,5,16,19,12,23,24,18,8,17,9,21
3709,12/06/2026,False,574502.08,3,1,4,6,7,9,10,11,14,15,18,19,20,23,24,25,11,9,24,14,1,19,10,25,23,7,6,18,20,4,15
3710,14/06/2026,False,2543585.52,3,1,2,3,4,5,6,9,12,13,14,15,16,17,18,25,17,14,13,2,16,4,15,5,18,12,25,6,3,1,9
3711,15/06/2026,False,564827.34,3,1,5,6,8,9,10,12,13,15,16,17,20,22,24,25,1,10,20,12,17,6,15,13,22,16,5,24,25,8,9
3712,16/06/2026,True,0.0,0,1,3,4,6,13,14,15,16,18,19,20,21,22,23,25,22,25,1,6,16,13,23,15,18,3,4,14,19,20,21
3713,17/06/2026,True,0.0,0,2,4,5,6,7,8,9,11,12,13,14,15,19,20,22,9,19,7,8,20,15,6,2,11,22,5,4,14,12,13
3714,18/06/2026,False,1590500.99,6,3,4,5,6,9,10,11,12,13,14,15,16,18,19,21,18,14,13,4,15,12,16,11,19,10,9,21,6,5,3
3715,20/06/2026,False,854496.28,2,3,5,6,9,11,12,14,16,18,20,21,22,23,24,25,6,3,16,14,11,22,5,9,20,25,12,24,21,23,18
3716,20/06/2026,True,0.0,0,1,2,4,5,7,11,12,15,17,18,21,22,23,24,25,7,11,15,24,5,1,12,23,22,25,21,18,2,4,17
3717,22/06/2026,False,696735.1,6,1,2,4,5,6,7,9,10,11,14,15,17,18,20,25,7,9,25,5,20,2,15,11,14,10,18,17,6,1,4
3718,23/06/2026,True,0.0,0,1,5,7,9,11,12,14,16,17,18,19,20,21,22,25,7,11,20,19,16,14,5,18,9,21,25,1,12,17,22
3719,25/06/2026,False,1300038.85,3,2,3,4,8,10,11,12,14,15,18,19,21,22,23,25,22,19,4,15,10,2,8,11,18,25,21,12,23,3,14
3720,26/06/2026,False,1657052.19,5,1,5,7,8,9,10,11,13,15,16,17,18,20,22,24,18,22,15,10,9,13,5,20,7,1,11,17,8,16,24
3721,27/06/2026,False,1461582.75,1,1,3,4,5,7,8,10,11,12,14,15,20,21,23,24,11,12,7,20,23,1,4,14,24,3,15,21,8,10,5
3722,29/06/2026,True,0.0,0,2,3,5,6,9,10,11,12,13,14,15,17,19,20,23,10,12,17,13,23,15,20,3,9,2,6,11,14,19,5
3723,30/06/2026,False,1750366.5,2,2,4,5,6,7,10,12,15,17,18,19,20,22,23,25,2,18,10,17,22,5,12,20,6,25,7,15,23,4,19
3724,01/07/2026,False,597615.34,3,1,2,3,5,6,7,12,15,16,17,19,21,22,24,25,12,17,7,3,6,19,1,15,24,25,21,22,16,5,2
3725,02/07/2026,False,903320.97,2,1,2,4,5,6,8,11,13,14,16,17,19,21,24,25,4,14,24,17,11,5,6,2,25,16,21,8,19,1,13
3726,03/07/2026,True,0.0,0,2,5,6,7,10,13,14,17,18,19,20,21,22,24,25,21,14,19,25,2,13,5,20,10,22,24,7,17,6,18
3727,04/07/2026,False,4523720.84,1,1,2,3,4,5,9,10,11,13,14,16,18,19,22,23,22,3,23,4,9,16,18,14,1,2,5,13,10,19,11
3728,06/07/2026,False,1919054.2,1,1,2,3,6,7,8,10,11,16,17,19,21,22,23,25,7,8,11,22,23,10,21,3,6,2,16,17,19,25,1
3729,07/07/2026,False,1966163.83,1,1,2,3,5,6,11,12,13,14,15,16,18,20,21,22,18,22,6,11,21,15,2,20,12,16,3,14,1,5,13
